id;id_item;id_comprador;categoria;tipo;id_vendedor;valor;data_venda
V83308;I66864;1e;Eletrônicos;1;1e;1;1700871835.19596
V12684;3I5I2I1I5;1e;Livros;1;1aae20e73699;50;1700871842.95946
V72565;3I5I2I1I5;1e;Livros;1;1aae20e73699;50;1700871845.862414
V57578;I66864;1e;Eletrônicos;1;1e;1;1700871848.865385
